Disco,Artista,Ano,Capa,Spotify,YouTubeMusic,Tipo
Away from the Sun,3 Doors Down,2002,https://is1-ssl.mzstatic.com/image/thumb/Music124/v4/0a/c0/0d/0ac00d65-4327-29b1-6a1e-4f1e2684d758/06UMGIM23627.rgb.jpg/600x600bb.jpg,https://open.spotify.com/search/3%20Doors%20Down%20Away%20From%20The%20Sun,https://music.youtube.com/search?q=3%20Doors%20Down%20Away%20From%20The%20Sun,disco
The Better Life,3 Doors Down,2000,https://is1-ssl.mzstatic.com/image/thumb/Music125/v4/61/2a/58/612a58ca-af10-cc8f-07ef-b3368ebc9564/07UMGIM12238.rgb.jpg/600x600bb.jpg,https://open.spotify.com/search/3%20Doors%20Down%20The%20Better%20Life,https://music.youtube.com/search?q=3%20Doors%20Down%20The%20Better%20Life,disco
8-Bit Versions of Depeche Mode,8-Bit Misfits,2017,https://is1-ssl.mzstatic.com/image/thumb/Music115/v4/6b/a9/46/6ba94601-df5b-e93d-f7d8-2773586ee730/191515976888_Cover.jpg/600x600bb.jpg,https://open.spotify.com/search/8-Bit%20Misfits%208-Bit%20Versions%20of%20Depeche%20Mode,https://music.youtube.com/search?q=8-Bit%20Misfits%208-Bit%20Versions%20of%20Depeche%20Mode,disco
Decemberunderground,AFI,2006,https://is1-ssl.mzstatic.com/image/thumb/Music124/v4/ba/3c/e1/ba3ce1d8-c63a-8d42-e3cc-85532f4a7785/06UMGIM22260.rgb.jpg/600x600bb.jpg,https://open.spotify.com/search/AFI%20Decemberunderground,https://music.youtube.com/search?q=AFI%20Decemberunderground,disco
Ana Carolina,Ana Carolina,1999,https://yt3.googleusercontent.com/e3ts8tZfrCTsA6OQKbA3xSXqKif56MPSc5IVVG4wcs0BKvmLDY2ifuUbvQD0IywjtMUGdj6kYeiVR1N3=w544-h544-l90-rj,https://open.spotify.com/search/Ana%20Carolina%20Ana%20Carolina,https://music.youtube.com/playlist?list=OLAK5uy_n91EG2ba6vbLwJsjugTjlV3_PT30xYQmY,disco
Ana Rita Joana Iracema e Carolina,Ana Carolina,2001,https://yt3.googleusercontent.com/jx-ObKh0BXhHzmiYYd1q919j7az2kNFW094p4Wc536837ohFB9E6ZScfzHhdAeusxe-mxHZht38o0kHBZg=w544-h544-l90-rj,https://open.spotify.com/search/Ana%20Carolina%20Ana%20Rita%20Joana%20Iracema%20e%20Carolina,https://music.youtube.com/playlist?list=OLAK5uy_lsd_z9xYEajatGwUKx8Q2BfW-pQWRiPZs,disco
Estampado,Ana Carolina,2003,https://is1-ssl.mzstatic.com/image/thumb/Music/ce/e6/45/mzi.rfhbjfjz.jpg/600x600bb.jpg,https://open.spotify.com/search/Ana%20Carolina%20Estampado,https://music.youtube.com/playlist?list=OLAK5uy_k7QxSmonFnpXZzXTPz7onkSnZ34DSQUEw,disco
Ana & Jorge,Ana Carolina e Seu Jorge,2003,https://yt3.googleusercontent.com/lxSfQdEh_m-rORGWWZMyR5c_RjHKaXwmnOkY7pwYptsDUHGi20Z0RfNJ3HzHfo5nqSENoj76NhUrGddn=w544-h544-l90-rj,https://open.spotify.com/search/Ana%20Carolina%20e%20Seu%20Jorge%20Ana%20%26%20Jorge,https://music.youtube.com/playlist?list=OLAK5uy_kcaeO7D6Tz1uGnMmbaymulO5wp3QdZ5dg,disco
Portal 2: Songs to Test By,Aperture Science Psychoacoustics Laboratory,2012,https://yt3.googleusercontent.com/WXFYmkgzVqn4bCkpvI6tsRqijwob0ivIOsDWxcTAAH0AoMjIlxg9V52icUarU5hEQDzpzwkoCMCiW9Z7nQ=w544-h544-l90-rj,https://open.spotify.com/search/Aperture%20Science%20Psychoacoustics%20Laboratory%20Portal%202%3A%20Songs%20to%20Test%20By%20-%20Volume%203,https://music.youtube.com/playlist?list=OLAK5uy_nJY2uVsHvnOUIO273XrrRO0nTdsoIKnds,disco
"Whatever People Say I Am, That's What I'm Not",Arctic Monkeys,2013,https://is1-ssl.mzstatic.com/image/thumb/Music113/v4/cc/0f/2d/cc0f2d02-5ff1-10e7-eea2-76863a55dbad/887828031795.png/600x600bb.jpg,https://open.spotify.com/search/Arctic%20Monkeys%20Whatever%20People%20Say%20I%20Am%2C%20That's%20What%20I'm%20Not,https://music.youtube.com/search?q=Arctic%20Monkeys%20Whatever%20People%20Say%20I%20Am%2C%20That's%20What%20I'm%20Not,disco
Ill Communication,Beastie Boys,1994,https://is1-ssl.mzstatic.com/image/thumb/Music124/v4/a0/10/8d/a0108d39-c544-218b-150e-ae556812d817/00724383073559.jpg/600x600bb.jpg,https://open.spotify.com/search/Beastie%20Boys%20Ill%20Communication,https://music.youtube.com/search?q=Beastie%20Boys%20Ill%20Communication,disco
A Era Da Incerteza,Biquini Cavadão,1987,https://yt3.googleusercontent.com/phlw0iC0zUWc5makBLOaqCJGi5ijc3hORffBGOWvHTJ-TKNatmGOBmzt2KdbTkWHst0EVvaIakWylRgdHw=w544-h544-l90-rj,https://open.spotify.com/search/Biquini%20Cavad%C3%A3o%20A%20Era%20Da%20Incerteza,https://music.youtube.com/search?q=Biquini%20Cavad%C3%A3o%20A%20Era%20Da%20Incerteza,disco
Agora,Biquini Cavadão,1994,https://is1-ssl.mzstatic.com/image/thumb/Music/55/82/d2/mzi.tbahsjwe.jpg/600x600bb.jpg,https://open.spotify.com/search/Biquini%20Cavad%C3%A3o%20Agora,https://music.youtube.com/search?q=Biquini%20Cavad%C3%A3o%20Agora,disco
Ao Vivo,Biquini Cavadão,2005,https://yt3.googleusercontent.com/a-qL-2XSV4_Xg_XfQuwlhg1QgiJPcaMFnKvoAakcASgHlHMQv_RBq6mRv7TQpF55pyKxMJ1pVHhM9b8Z=w544-h544-l90-rj,https://open.spotify.com/search/Biquini%20Cavad%C3%A3o%20Ao%20Vivo,https://music.youtube.com/search?q=Biquini%20Cavad%C3%A3o%20Ao%20Vivo,disco
Cidades em Torrente,Biquini Cavadão,1986,https://yt3.googleusercontent.com/jfWF5hysoywMUjSHcVY7OxED6RkpzuPirYLSs4MlaFt8smCtEUsrZckbdgbbFr5GiqqWfCOXqKLkB0Pe=w544-h544-l90-rj,https://open.spotify.com/search/Biquini%20Cavad%C3%A3o%20Cidades%20em%20Torrente,https://music.youtube.com/search?q=Biquini%20Cavad%C3%A3o%20Cidades%20em%20Torrente,disco
Descivilização,Biquini Cavadão,1991,https://yt3.googleusercontent.com/KVKLopwqoh8XWO2MSMDi39oEDcEGIUqKtR7MGD9BwWpmVMSAqkJ-SQLizMAvpkt2bFwAouoPu8OIn-P6Ew=w544-h544-l90-rj,https://open.spotify.com/search/Biquini%20Cavad%C3%A3o%20Desciviliza%C3%A7%C3%A3o,https://music.youtube.com/search?q=Biquini%20Cavad%C3%A3o%20Desciviliza%C3%A7%C3%A3o,disco
Escuta Aqui,Biquini Cavadão,2000,https://is1-ssl.mzstatic.com/image/thumb/Music/v4/a9/64/bf/a964bf4d-b440-f3f7-7428-39e74ced8aab/743217470029.jpg/600x600bb.jpg,https://open.spotify.com/search/Biquini%20Cavad%C3%A3o%20Escuta%20Aqui,https://music.youtube.com/search?q=Biquini%20Cavad%C3%A3o%20Escuta%20Aqui,disco
INSIDE,Bo Burnham,2021,https://yt3.googleusercontent.com/Okck58D4uw7WkqKjw8XVDNLPq9ew1GjwhSMZn1qTkdZ5tir2xsi40swD6RvFg84Xo4SwQOHWraPUKfuu=w544-h544-l90-rj,https://open.spotify.com/search/Bo%20Burnham%20INSIDE,https://music.youtube.com/playlist?list=OLAK5uy_nkaZRcAx5OaWWhZdi2hosCFfHpRn5EuLg,disco
Caetano Veloso 67,Caetano Veloso,1967,https://yt3.googleusercontent.com/wIiSCLR8k_3BKe6FuqJWPgXnfRvkB5WYjVHiGsm4SdSwFisoR8aPtgMYNQEBatQ2inEm_hhWeO9xQT8K=w544-h544-l90-rj,https://open.spotify.com/search/Caetano%20Veloso%20Caetano,https://music.youtube.com/playlist?list=OLAK5uy_lJETrZN8fLuB-rh9DB-u6Id-U1egxlKR8,disco
Caetano Veloso 69,Caetano Veloso,1969,https://yt3.googleusercontent.com/_rvyMNIYln8JleatGhuZMJs3vnzvS3P7UPIRss6HvLNtajeJJutVs-9W_58F54BWSlvHOu6wloEIrlC85w=w544-h544-l90-rj,https://open.spotify.com/search/Caetano%20Veloso%20Caetano%20Veloso,https://music.youtube.com/playlist?list=OLAK5uy_mNTBodFFv5xTKjXZPZiFd0tEgaOIGlx10,disco
Circuladô,Caetano Veloso,1991,https://is1-ssl.mzstatic.com/image/thumb/Music124/v4/34/ab/d4/34abd4f3-4239-66ae-18d7-927b9a0132cf/mzi.nurzbuyh.jpg/600x600bb.jpg,https://open.spotify.com/search/Caetano%20Veloso%20Circulad%C3%B4,https://music.youtube.com/playlist?list=OLAK5uy_l1eOpqZh4C_pXBgu9j9zyW6ij3gltgNP4,disco
"Cores, Nomes",Caetano Veloso,1982,https://yt3.googleusercontent.com/2tgo8rMXqhLIU56PJiHoSxd-b-RCy31J-d4Vo5e0WxFXwlNtCnPre5bau_ccWmPbYUzd1O6pT2vQyK4=w544-h544-s-l90-rj,https://open.spotify.com/search/Caetano%20Veloso%20Cores%2C%20Nomes,https://music.youtube.com/playlist?list=OLAK5uy_m8unrNg8AIDAML5FC5wXI1C5Gz2HeMMAI,disco
Estrangeiro,Caetano Veloso,1989,https://yt3.googleusercontent.com/HsRi23JSmjzVl4vycirEBb47y2kW-jH86BZMg0ZEKNkU8NiFRr5MI4J7MgZMMdfgdcLNVO4b0BnQb1NL=w544-h544-s-l90-rj,https://open.spotify.com/search/Caetano%20Veloso%20Estrangeiro,https://music.youtube.com/playlist?list=OLAK5uy_lbIMWfHoyxKOH0RrCgqEv76bNYdKiG3vU,disco
Meu Coco,Caetano Veloso,2021,https://yt3.googleusercontent.com/xL5LnhBYjwjnigBDCkTBOsAxMgugkc0J7fzG9jkPPso1NZq1KReRnfsVpdQN2AY9ljKklSR3z2C9FyJ0=w544-h544-l90-rj,https://open.spotify.com/search/Caetano%20Veloso%20Meu%20Coco,https://music.youtube.com/playlist?list=OLAK5uy_mb1jN3jo3DcVWuB3REx7RfpAZbTVZUN3E,disco
Transa,Caetano Veloso,1972,https://yt3.googleusercontent.com/EwmgfpjifqAWIYUDM8BsDk4chsSVzTp_pksFP6BYWTKawKap0B-K2TpDv7m1hSHs_TnzEG02N8PV7zR9mw=w544-h544-l90-rj,https://open.spotify.com/search/Caetano%20Veloso%20Transa,https://music.youtube.com/playlist?list=OLAK5uy_nXYwFt5AiHwX4M1Ji0bkoMDL70afYG6x4,disco
Uns,Caetano Veloso,1983,https://yt3.googleusercontent.com/_ryDM9yYZpixm6wHULpfadd--wAfxzlXt9CxNWAuEJgp4vsqI40Aq3M3cg9MaQGwLh_c8Z8xO4TtOTP3xQ=w544-h544-l90-rj,https://open.spotify.com/search/Caetano%20Veloso%20Uns,https://music.youtube.com/playlist?list=OLAK5uy_kdoZa1TTcLHqkoYNtru9cgtkNE7xGNS-Q,disco
Velô,Caetano Veloso,1984,https://yt3.googleusercontent.com/pefG0j_M9yGUlU970S3M83zMfsJX_shLpKSZIQ2izsKiyMXtBrPEvQomJoA8eFm3DXIMj0f4iydA0MJc=w544-h544-l90-rj,https://open.spotify.com/search/Caetano%20Veloso%20Vel%C3%B4,https://music.youtube.com/playlist?list=OLAK5uy_mk3T-gfKfEJr1Uj3bBsbt35FOkY_zU_HA,disco
"Dois Amigos, Um Século de Música (Ao Vivo)",Caetano Veloso & Gilberto Gil,2015,https://yt3.googleusercontent.com/IHvmL0YMsWk52hMtm3nsOghH-ROUJbHzLBoKffEnOYIWaUMjeecBeq4IHCs0cxCOOx-7dTUYkcgBIXY=w544-h544-l90-rj,https://open.spotify.com/search/Caetano%20Veloso%20%26%20Gilberto%20Gil%20Dois%20Amigos%2C%20Um%20S%C3%A9culo%20de%20M%C3%BAsica%20(Ao%20Vivo),https://music.youtube.com/playlist?list=OLAK5uy_nChVlTtE5rIBSYhiCqlvYFh1BLpriA2WQ,disco
Caetano e Bethânia Ao Vivo,Caetano Veloso & Maria Bethânia,2025,https://is1-ssl.mzstatic.com/image/thumb/Music221/v4/6a/fb/47/6afb4796-5400-0e0b-66c8-65f7ff3e6f7c/196872808452.jpg/600x600bb.jpg,https://open.spotify.com/search/Caetano%20Veloso%20%26%20Maria%20Beth%C3%A2nia%20Caetano%20e%20Beth%C3%A2nia%20Ao%20Vivo,https://music.youtube.com/playlist?list=OLAK5uy_mmlAvSLDg9NcJgakjOfSlbNJVA4Fx3tCs,disco
Multishow Ao Vivo,Caetano Veloso e Maria Gadú,2011,https://yt3.googleusercontent.com/RteV18W8Jay_ScLQEG6POmZKFBikZgXMMGiyPj6wGFA3Raa_5dv2Vk0GbdGlNPLVGB88CFf8x_yT-c1x=w544-h544-l90-rj,https://open.spotify.com/search/Caetano%20Veloso%20e%20Maria%20Gad%C3%BA%20Multishow%20Ao%20Vivo,https://music.youtube.com/playlist?list=OLAK5uy_nQZTxsjLjJya9ktassXfqgUm4iTRkbyH4,disco
De 1997 a 2007,Charlie Brown Jr.,2008,https://yt3.googleusercontent.com/jdgFzp1kXiPHuDCKyeBpmohOobaCOb1na8RDsbEt7kGFVC9kCMfo2q-vsIOaKlHJ0jqXsTDMCFcdyEs=w544-h544-l90-rj,https://open.spotify.com/search/Charlie%20Brown%20Jr.%20De%201997%20a%202007,https://music.youtube.com/playlist?list=OLAK5uy_ln9sbypS1-5Y-XN4WP3kEsiUwlXxdgjeY,disco
Almanaque,Chico Buarque,1981,https://is1-ssl.mzstatic.com/image/thumb/Music128/v4/38/ac/f2/38acf27b-6e0a-2c4e-c282-928a6596471b/00731451001024.rgb.jpg/600x600bb.jpg,https://open.spotify.com/search/Chico%20Buarque%20Almanaque,https://music.youtube.com/search?q=Chico%20Buarque%20Almanaque,disco
As cidades,Chico Buarque,1998,https://is1-ssl.mzstatic.com/image/thumb/Music123/v4/b6/64/42/b664423d-b8c7-844e-78c2-1bbd90671564/884977631715.jpg/600x600bb.jpg,https://open.spotify.com/search/Chico%20Buarque%20As%20cidades,https://music.youtube.com/search?q=Chico%20Buarque%20As%20cidades,disco
O Amante,Chico Buarque,1994,https://is1-ssl.mzstatic.com/image/thumb/Music118/v4/2a/d8/d9/2ad8d961-64a1-f809-02cb-17671503203e/00602557387858.rgb.jpg/600x600bb.jpg,https://open.spotify.com/search/Chico%20Buarque%20O%20Amante,https://music.youtube.com/search?q=Chico%20Buarque%20O%20Amante,disco
O Sambista,Chico Buarque,2000,https://is1-ssl.mzstatic.com/image/thumb/Music115/v4/da/97/17/da9717fe-0335-a5e4-9369-8514a9d000bd/06UMGIM33334.rgb.jpg/600x600bb.jpg,https://open.spotify.com/search/Chico%20Buarque%20O%20Sambista,https://music.youtube.com/search?q=Chico%20Buarque%20O%20Sambista,disco
Da Lama ao Caos,Chico Science & Nação Zumbi,1994,https://is1-ssl.mzstatic.com/image/thumb/Music221/v4/69/a4/8b/69a48bad-2a30-14be-f0f4-b72cf8766f25/884977330298.jpg/600x600bb.jpg,https://open.spotify.com/search/Chico%20Science%20%26%20Na%C3%A7%C3%A3o%20Zumbi%20Da%20Lama%20ao%20Caos,https://music.youtube.com/search?q=Chico%20Science%20%26%20Na%C3%A7%C3%A3o%20Zumbi%20Da%20Lama%20ao%20Caos,disco
Acústico MTV,Cidade Negra,2002,https://is1-ssl.mzstatic.com/image/thumb/Music71/v4/fb/e7/03/fbe703d4-902d-e473-90e0-cbd2cfd1db37/886443688148.jpg/600x600bb.jpg,https://open.spotify.com/search/Cidade%20Negra%20Ac%C3%BAstico%20MTV,https://music.youtube.com/search?q=Cidade%20Negra%20Ac%C3%BAstico%20MTV,disco
Stardew Valley (Original Game Soundtrack),ConcernedApe,2016,https://is1-ssl.mzstatic.com/image/thumb/Music125/v4/2e/17/09/2e17091a-9594-7c7d-ab3b-29021e40ff3b/859718322498_cover.jpg/600x600bb.jpg,https://open.spotify.com/search/ConcernedApe%20Stardew%20Valley%20(Original%20Game%20Soundtrack),https://music.youtube.com/search?q=ConcernedApe%20Stardew%20Valley%20(Original%20Game%20Soundtrack),disco
Full Circle,Creed,2009,https://is1-ssl.mzstatic.com/image/thumb/Music124/v4/ab/ac/03/abac03ff-1346-0874-8b6e-95dacc9d3868/00601501418723.rgb.jpg/600x600bb.jpg,https://open.spotify.com/search/Creed%20Full%20Circle,https://music.youtube.com/playlist?list=OLAK5uy_k1GK7Ajg7_jZWAFWfsQ3LEzY_A5BKPjs0,disco
Human Clay,Creed,1999,https://yt3.googleusercontent.com/O02WMAcfmWYzYX8kOSqsKLHFVlTcgP1uglIGeV-z5-NaJsQmV9YQ_U42NU3JLZKSLJ2SdkNF4P1j2os=w544-h544-l90-rj,https://open.spotify.com/search/Creed%20Human%20Clay,https://music.youtube.com/playlist?list=OLAK5uy_kQvDYqsS6HB-tdkbROfIH9NHSKOUooQm0,disco
My Own Prison,Creed,1997,https://is1-ssl.mzstatic.com/image/thumb/Music124/v4/7d/1e/cb/7d1ecba4-85e7-7c3e-3337-4a1c876ffdde/00601501404924.rgb.jpg/600x600bb.jpg,https://open.spotify.com/search/Creed%20My%20Own%20Prison,https://music.youtube.com/playlist?list=OLAK5uy_mIr2UsmyOTbL5WbCb1HiDMhw1-n-4h2CM,disco
Wheathered,Creed,2001,https://is1-ssl.mzstatic.com/image/thumb/Music125/v4/2b/d8/ff/2bd8ff78-9201-71dc-c931-503340d8b08a/00601501407529.rgb.jpg/600x600bb.jpg,https://open.spotify.com/search/Creed%20Wheathered,https://music.youtube.com/playlist?list=OLAK5uy_nwTd6EyHJFQzaamlWH9X7shSilBivHj6M,disco
Música de Rua,Daniela Mercury,1994,https://is1-ssl.mzstatic.com/image/thumb/Music/22/69/7e/mzi.zgienkhu.jpg/600x600bb.jpg,https://open.spotify.com/search/Daniela%20Mercury%20M%C3%BAsica%20de%20Rua,https://music.youtube.com/playlist?list=OLAK5uy_m_zS-EencyfM8oWdBX9ZYtrt1ali1XKT0,disco
Dean Gray Presents: American Edit,Dean Gray,2023,https://i.ytimg.com/vi/pJwmJbzz5ho/hqdefault.jpg?sqp=-oaymwEWCMACELQBIAQqCghQEJADGFogjgJIWg&rs=AMzJL3mEDZlrUfG4KBwB57LU2ALi84DIUQ,https://open.spotify.com/search/Dean%20Gray%20Dean%20Gray%20Presents%3A%20American%20Edit,https://music.youtube.com/playlist?list=PLtMnuXye-klpoqganTsmAb-9vMk4HPIBP,disco
101 (Live),Depeche Mode,1989,https://yt3.googleusercontent.com/glkYoeZvqT4Z2JzER0n-plGJu8NuWZSgsH6OCZRY4ELO4TDzajWDO-h3vCFaXfsizqRnqi-yHSyvf9Si=w544-h544-l90-rj,https://open.spotify.com/search/Depeche%20Mode%20101,https://music.youtube.com/playlist?list=OLAK5uy_k1r7WuL0tHO3MlQoTXGDXZ3DXtfgwD0R0,disco
A Broken Frame,Depeche Mode,1982,https://is1-ssl.mzstatic.com/image/thumb/Music123/v4/c1/08/2b/c1082b58-98d9-a535-38d2-7af18cb4e886/0094637006054.jpg/600x600bb.jpg,https://open.spotify.com/search/Depeche%20Mode%20A%20Broken%20Frame,https://music.youtube.com/search?q=Depeche%20Mode%20A%20Broken%20Frame,disco
Black Celebration,Depeche Mode,1986,https://yt3.googleusercontent.com/Nxjm4kc0wul4wK_EXeT1Hz-83uPWGfIxofmhyeyzjEmx2Z-hAsWIejRKJUDQ2r9WlBw8fSn7YMR0kEgP=w544-h544-l90-rj,https://open.spotify.com/search/Depeche%20Mode%20Black%20Celebration,https://music.youtube.com/playlist?list=OLAK5uy_luP5xc_u-5OhaEIOzgeCSDvOA3JwYtpfE,disco
Construction Time Again,Depeche Mode,1983,https://yt3.googleusercontent.com/lulGyLw57npRUkskP5Kv8h0LPQOHFgEoGtxnkNnRf8bbcV8Pptx9viCi52j7xzrlT762-pZ1E7UMf3Xn2Q=w544-h544-l90-rj,https://open.spotify.com/search/Depeche%20Mode%20Construction%20Time%20Again,https://music.youtube.com/playlist?list=OLAK5uy_khIbepLRAiI0jp-fqRpgJPfuuKFaHgJow,disco
Delta Machine,Depeche Mode,2013,https://yt3.googleusercontent.com/hJNX0tAslpxIw-VWpNax4WsBENhawhPUCyzv40oXQH2TsOSt8m3tExcadHxasNo3EP_CRkBcfnFcH2fqng=w544-h544-l90-rj,https://open.spotify.com/search/Depeche%20Mode%20Delta%20Machine,https://music.youtube.com/playlist?list=OLAK5uy_n9JRpomHoNPyXjOqN4vy1_7S1HtQLXzVQ,disco
Exciter,Depeche Mode,2001,https://yt3.googleusercontent.com/myoZG6BPw73xqQl3DMNd9EOqKkESARIlS14TOKf-kDOOGqfYcdTUIdAXfHPJbVC5S7b4H8LqfxUtKB0=w544-h544-l90-rj,https://open.spotify.com/search/Depeche%20Mode%20Exciter,https://music.youtube.com/playlist?list=OLAK5uy_kT1Sh7_engGktRkL_DO2wyC3JBtxTZC5s,disco
Memento Mori,Depeche Mode,2023,https://yt3.googleusercontent.com/Cuqh_JBUjzz1KMyd6ff8HEDBSuv4IEVopZ-evxuVfi8O_6QiPA6X0CHUOkjTw2Cps10YgRkXjCh200lc=w544-h544-l90-rj,https://open.spotify.com/search/Depeche%20Mode%20Memento%20Mori,https://music.youtube.com/playlist?list=OLAK5uy_kBh1orlQqYtUQg2DxVgQjE8hXv91Ra14s,disco
Music for the Masses,Depeche Mode,1987,https://yt3.googleusercontent.com/N4sOj63qPfgLBbgQl-WdeuyswwOUVjHgcHcC9-jF970N6AfiXxOF-_m99S1vt5DCEpdeWztcw2sGr-Lb=w544-h544-l90-rj,https://open.spotify.com/search/Depeche%20Mode%20Music%20for%20the%20Masses,https://music.youtube.com/playlist?list=OLAK5uy_mr7vDCIzqt03I3zleA9S_jwR2DLiATvXs,disco
Playing the Angel,Depeche Mode,2005,https://yt3.googleusercontent.com/bMSSv0sd7h3_tGcug3fRwPREugVPGifJztBEMCaX0a3ADNDqPep0tJP9ZbhPQfuIlQyhzMCtzN4U0Keh=w544-h544-l90-rj,https://open.spotify.com/search/Depeche%20Mode%20Playing%20the%20Angel,https://music.youtube.com/playlist?list=OLAK5uy_kOqW2LknAdG4DY9GK9Ht3KWCurQqPNs7Y,disco
Remixes 81–04,Depeche Mode,2004,https://yt3.googleusercontent.com/0Grk-L-dhm7-qxD_qFeDkyJOaPYgbLZsafsJUMX0ezYXpKRafkN676Dl5kLvs-rSaf0VQuwqx7eONKx9=w544-h544-l90-rj,https://open.spotify.com/search/Depeche%20Mode%20Remixes%2081%E2%80%9304,https://music.youtube.com/playlist?list=OLAK5uy_lRyUe3XHnaz4hIpduNbu0XsIlKOctd240,disco
Some Great Reward,Depeche Mode,1984,https://yt3.googleusercontent.com/wIwHBw7sz0RBySTtSoqUuiOgVlIy2mY50pBZtjB1j8lMTADwVKfgVKRCzEw0C5KkalPCcObtoPnA1F27=w544-h544-l90-rj,https://open.spotify.com/search/Depeche%20Mode%20Some%20Great%20Reward,https://music.youtube.com/playlist?list=OLAK5uy_mgU5FB1gymb62czCeAuaujDCK4uQ8pxV8,disco
Songs of Faith and Devotion,Depeche Mode,1993,https://yt3.googleusercontent.com/7qztatWBFx_hwibDMDA4k_t5i7P2FoRzswSmrPn9ro8wSawMdA9ZAZfAKFNcXkOZqy_47VBXm5h_oH2I=w544-h544-l90-rj,https://open.spotify.com/search/Depeche%20Mode%20Songs%20of%20Faith%20and%20Devotion,https://music.youtube.com/playlist?list=OLAK5uy_lfXA8E-K2LRhXdBaqR2G8IxQqQJZ1iY7E,disco
Sounds of the Universe,Depeche Mode,2009,https://yt3.googleusercontent.com/JsWFzaE5oEHpEt3K1tBjmtj9c0qYnc9b4TRld0S3ZQR9mMscSiYxOgXKblK9Wyp3f4Cha8iu6Fhd5uTL=w544-h544-l90-rj,https://open.spotify.com/search/Depeche%20Mode%20Sounds%20of%20the%20Universe,https://music.youtube.com/playlist?list=OLAK5uy_laMZB7hPuFOb00otezJNpV79LCeb2-wY8,disco
Speak & Spell,Depeche Mode,1981,https://yt3.googleusercontent.com/W4TBtAKJKa74ycsM5QMNFhDnIPikC5Hs7F8vD31EP8n9WT0nvTEy_5UqACnPO6VvDk0ikjesMenwNxvS=w544-h544-l90-rj,https://open.spotify.com/search/Depeche%20Mode%20Speak%20%26%20Spell,https://music.youtube.com/playlist?list=OLAK5uy_n9WzY_Ly0QQrttfvZ0319SU8R76-nqbA0,disco
Spirit,Depeche Mode,2017,https://yt3.googleusercontent.com/wT8vjyhWlaIjnrDSSI9eeA1SAmezugLiuYK1rCGtz3Ahhynn1giaXfK9AnJ4KvjXM3PWtDUiTWks4I3Opg=w544-h544-l90-rj,https://open.spotify.com/search/Depeche%20Mode%20Spirit,https://music.youtube.com/playlist?list=OLAK5uy_kIk_A8llZfVZuAOTZR9ZdNaypKbOJPQao,disco
Ultra,Depeche Mode,1997,https://yt3.googleusercontent.com/FhsGene1uJ25q9ttLks_rN43INEkrSBRVMTvoNtTnWsJjMUUIXGg7w0FoyaZYSG3myiGdsxDbrndAwJi=w544-h544-l90-rj,https://open.spotify.com/search/Depeche%20Mode%20Ultra,https://music.youtube.com/playlist?list=OLAK5uy_luqjVwyPbpq_jAce9ziu8tKL33SXJF1mQ,disco
Violator,Depeche Mode,1990,https://yt3.googleusercontent.com/bsSRxmJCJIwelPkC9F_XfGNNEh5TVXvuxUCuwwig0S8Am1SbP917S1f8F7ksRfv67H2OsSpU1aLaiGoB=w544-h544-l90-rj,https://open.spotify.com/search/Depeche%20Mode%20Violator,https://music.youtube.com/playlist?list=OLAK5uy_mb48avQCjHAcULhcoreHc9Fv1dam1yf68,disco
Lilás,Djavan,1984,https://yt3.googleusercontent.com/Ba7392gL-0dKgFkv0B3PKhBqTEr2y4R_UkISmg7G9UULLL6wXPDzSEF5xN1eFymlxMTCFW8P4W7IZRl9nw=w544-h544-l90-rj,https://open.spotify.com/search/Djavan%20Lil%C3%A1s,https://music.youtube.com/playlist?list=OLAK5uy_k-0X5fC2P4n9LacL7M-LF-RqD0rcTYHOs,disco
Ela,Elis Regina,1971,https://is1-ssl.mzstatic.com/image/thumb/Music125/v4/07/6b/11/076b1143-6513-8be6-c2ab-abcbe23fc11a/07UMGIM15919.rgb.jpg/600x600bb.jpg,https://open.spotify.com/search/Elis%20Regina%20Ela,https://music.youtube.com/search?q=Elis%20Regina%20Ela,disco
"Elis, a Musical",Elis Regina,2013,https://yt3.googleusercontent.com/NGQWkmRF8FakPouFMe_i9shmqaoXliPguRbTZgtRNl6nTbUNDjtIXkBKMQJTFMUDlZL59rchopoBmEgG=w544-h544-l90-rj,https://open.spotify.com/search/Elis%20Regina%20Elis%2C%20a%20Musical,https://music.youtube.com/playlist?list=OLAK5uy_nHc49c-2F5C6ZrxYxy__TiEsg6tnTxm0E,disco
Falso Brilhante,Elis Regina,1976,https://is1-ssl.mzstatic.com/image/thumb/Music124/v4/e2/53/03/e2530336-1301-d225-e91a-5500a4fe46fd/18UMGIM35639.rgb.jpg/600x600bb.jpg,https://open.spotify.com/search/Elis%20Regina%20Falso%20Brilhante,https://music.youtube.com/search?q=Elis%20Regina%20Falso%20Brilhante,disco
Pilão + Raça = Elza,Elza Soares,1977,https://is1-ssl.mzstatic.com/image/thumb/Music114/v4/10/0a/ab/100aab96-0a37-627e-540d-ea2ed23ddf31/7898324321429.jpg/600x600bb.jpg,https://open.spotify.com/search/Elza%20Soares%20Pil%C3%A3o%20%2B%20Ra%C3%A7a%20%3D%20Elza,https://music.youtube.com/search?q=Elza%20Soares%20Pil%C3%A3o%20%2B%20Ra%C3%A7a%20%3D%20Elza,disco
The Very Best of Enya,Enya,2009,https://is1-ssl.mzstatic.com/image/thumb/Music123/v4/ad/16/52/ad165230-7bca-a4b5-774e-68f0948cf6ca/825646467648.jpg/600x600bb.jpg,https://open.spotify.com/search/Enya%20The%20Very%20Best%20of%20Enya,https://music.youtube.com/search?q=Enya%20The%20Very%20Best%20of%20Enya,disco
Fallen,Evanescence,2003,https://yt3.googleusercontent.com/flE5VHe0QfQ9XqeDiwQslGbErboKLzh-UaK5FPfKpIHi1mzzeT8eL5IRifoOmni17oed_v8AkfPToVQDUA=w544-h544-l90-rj,https://open.spotify.com/search/Evanescence%20Fallen,https://music.youtube.com/playlist?list=OLAK5uy_nDVLWRxRtpfZl5tZiO0U_utWz_vRe1Pfg,disco
Ceremonials,Florence + the Machine,2011,https://is1-ssl.mzstatic.com/image/thumb/Music112/v4/43/d5/9e/43d59e0c-6a9e-7f1a-e41d-badced2f40b4/11UMGIM28690.rgb.jpg/600x600bb.jpg,https://open.spotify.com/search/Florence%20%2B%20the%20Machine%20Ceremonials,https://music.youtube.com/playlist?list=OLAK5uy_mpET7JSU5KOtpMNVQAiVrasgvf3cAroeQ,disco
The Rising Tied,Fort Minor,2005,https://is1-ssl.mzstatic.com/image/thumb/Music114/v4/8a/ba/1f/8aba1ff3-c0e1-c7e0-0991-689826e88f36/093624906964.jpg/600x600bb.jpg,https://open.spotify.com/search/Fort%20Minor%20The%20Rising%20Tied,https://music.youtube.com/search?q=Fort%20Minor%20The%20Rising%20Tied,disco
Caras e Bocas,Gal Costa,1977,https://yt3.googleusercontent.com/7nG_T4ZF3ajQm4IrsfQNakhFHYL31GCrSWei0omiQC4q49Ahj4gqUUG5VmyjlthRXDKtFD9QGduVAWhh=w544-h544-s-l90-rj,https://open.spotify.com/search/Gal%20Costa%20Caras%20e%20Bocas,https://music.youtube.com/playlist?list=OLAK5uy_nXXnCUfFspsv5QTV36s8mcIz3QuIi7-l4,disco
O Grande Encontro,"Geraldo Azevedo, Alceu Valença, Elba Ramalho & Zé Ramalho",1996,https://is1-ssl.mzstatic.com/image/thumb/Music124/v4/14/0d/58/140d584f-3c88-6d56-e1b4-9a035fc32a52/mzi.jjpnrelb.jpg/600x600bb.jpg,https://open.spotify.com/search/Geraldo%20Azevedo%2C%20Alceu%20Valen%C3%A7a%2C%20Elba%20Ramalho%20%26%20Z%C3%A9%20Ramalho%20O%20Grande%20Encontro,https://music.youtube.com/search?q=Geraldo%20Azevedo%2C%20Alceu%20Valen%C3%A7a%2C%20Elba%20Ramalho%20%26%20Z%C3%A9%20Ramalho%20O%20Grande%20Encontro,disco
Canto Geral (Os Originais),Geraldo Vandre,1968,https://yt3.googleusercontent.com/Y3hgkbwhwmHTsK04tZfRNirgUghw_9V4ogcLNPFCPNdcjI_Y8r6W9Wb4OgV1ltRJ3mdEZDFusnZ-8qw=w544-h544-l90-rj,https://open.spotify.com/search/Geraldo%20Vandre%20Canto%20Geral%20(Os%20Originais),https://music.youtube.com/playlist?list=OLAK5uy_lsnc7sV2uJLJdY0Q6hL07ejPKwnqj4p64,disco
Gorillaz,Gorillaz,2005,https://is1-ssl.mzstatic.com/image/thumb/Music125/v4/1c/0f/81/1c0f818a-e458-dd84-6f1b-ccbdf5fe14d6/825646291045.jpg/600x600bb.jpg,https://open.spotify.com/search/Gorillaz%20Gorillaz,https://music.youtube.com/search?q=Gorillaz%20Gorillaz,disco
American Idiot,Green Day,2004,https://yt3.googleusercontent.com/UXFGtBhmxZd0cWbwgJCsaUvLH59uZe_T_9E1plQPi_zHBuPAHTuhzz_h8I-uIYaXJMKvVfRB7gcRJFI=w544-h544-l90-rj,https://open.spotify.com/search/Green%20Day%20American%20Idiot,https://music.youtube.com/playlist?list=OLAK5uy_mmM6IEvxyWMmJhYOVc3YyFUH7espfFHP4,disco
Acustico MTV,IRA!,2004,https://yt3.googleusercontent.com/TmvgG7xaVBEypKf3gx93nY8ovjBQMojjp1in6MbaB8aDh-2jnahTqlzafnipkTeaDbdtCtZYF6HXje1e=w544-h544-l90-rj,https://open.spotify.com/search/IRA!%20Acustico%20MTV,https://music.youtube.com/playlist?list=OLAK5uy_nECCO1RhSrW-O1opOXzEHV6us3JrdZ6i8,disco
Collision Course,Jay-Z/Linkin Park,2004,https://is1-ssl.mzstatic.com/image/thumb/Music124/v4/8c/b2/85/8cb28589-a74d-1961-894c-6d7662ee90da/mzi.eaqqjnzg.jpg/600x600bb.jpg,https://open.spotify.com/search/Jay-Z%2FLinkin%20Park%20Collision%20Course%20Disc%201,https://music.youtube.com/search?q=Jay-Z%2FLinkin%20Park%20Collision%20Course%20Disc%201,disco
The Best of Joy Division,Joy Division,2008,https://is1-ssl.mzstatic.com/image/thumb/Music/d9/1d/3f/mzi.gwtrsqyi.jpg/600x600bb.jpg,https://open.spotify.com/search/Joy%20Division%20The%20Best%20of%20Joy%20Division,https://music.youtube.com/search?q=Joy%20Division%20The%20Best%20of%20Joy%20Division,disco
Employment,Kaiser Chiefs,2005,https://is1-ssl.mzstatic.com/image/thumb/Music118/v4/e5/80/af/e580af5d-a406-4a07-b83d-ba715294c751/05055052813028.rgb.jpg/600x600bb.jpg,https://open.spotify.com/search/Kaiser%20Chiefs%20Employment,https://music.youtube.com/search?q=Kaiser%20Chiefs%20Employment,disco
Off With Their Heads,Kaiser Chiefs,2008,https://is1-ssl.mzstatic.com/image/thumb/Music128/v4/fe/ec/5e/feec5e74-9d6a-1deb-ae1a-53a94875f446/00602577376931.rgb.jpg/600x600bb.jpg,https://open.spotify.com/search/Kaiser%20Chiefs%20Off%20With%20Their%20Heads,https://music.youtube.com/search?q=Kaiser%20Chiefs%20Off%20With%20Their%20Heads,disco
"Yours Truly, Angry Mob",Kaiser Chiefs,2007,https://is1-ssl.mzstatic.com/image/thumb/Music128/v4/c5/e6/83/c5e6833f-f0c8-a2e1-13b2-ba7e9a170eb5/00602547151865.rgb.jpg/600x600bb.jpg,https://open.spotify.com/search/Kaiser%20Chiefs%20Yours%20Truly%2C%20Angry%20Mob,https://music.youtube.com/search?q=Kaiser%20Chiefs%20Yours%20Truly%2C%20Angry%20Mob,disco
World Beat,Kaoma,1989,https://is1-ssl.mzstatic.com/image/thumb/Features125/v4/d7/17/12/d71712cf-ea46-efcc-696c-21e93c18d800/dj.zvrrocev.jpg/600x600bb.jpg,https://open.spotify.com/search/Kaoma%20World%20Beat,https://music.youtube.com/search?q=Kaoma%20World%20Beat,disco
Follow the Leader,Korn,1998,https://yt3.googleusercontent.com/4SvxoyJf8oscWyfPEN3sQsiTpzcQ_4ko4x0ywY_-p4GNkLql4RQJh0GfF85Bumm8O2ODKfhsS2tya1Px0Q=w544-h544-l90-rj,https://open.spotify.com/search/Korn%20Follow%20the%20Leader,https://music.youtube.com/playlist?list=OLAK5uy_l9DBNhKxExv0Xd2CrzEY0vmUupeVjzRVw,disco
The Fame,Lady Gaga,2008,https://yt3.googleusercontent.com/L0931u-RfJqDBDYeyn8cq66QmdfvJ1NxwtHYvxMy9-P5YiO-wkzSzoRTGNlbUtgyhhas9ndiJWreM9Nv=w544-h544-l90-rj,https://open.spotify.com/search/Lady%20Gaga%20The%20Fame,https://music.youtube.com/playlist?list=OLAK5uy_kraUE5IGvAhWtLYsBO-TScCj8ehSZTclM,disco
Born This Way,Lady Gaga,2011,https://yt3.googleusercontent.com/Inld6GHnMKVMe1zZrzkqTVw-tZ9HE9nCD3ObgvyD-yBLA47S93uZ1sxvTWIHebGtZszQAdNr96PWY2p0=w544-h544-l90-rj,https://open.spotify.com/search/Lady%20Gaga%20Born%20This%20Way,https://music.youtube.com/playlist?list=OLAK5uy_nt7UTCkrMYOrgUnfbEv9KYOXKuEigO0cQ,disco
Le Tigre,Le Tigre,1999,https://is1-ssl.mzstatic.com/image/thumb/Music114/v4/7a/13/3a/7a133a41-9084-9384-fd35-132ea3f77083/886448210030.jpg/600x600bb.jpg,https://open.spotify.com/search/Le%20Tigre%20Le%20Tigre,https://music.youtube.com/playlist?list=OLAK5uy_mdEJzQGEQ5cQHLuwD4gUGvPMDJrSTYRPs,disco
A Thousand Suns,Linkin Park,2010,https://yt3.googleusercontent.com/lijlrFj65toZ4hDg7D-rhVL06W3_vSXhOxmWBrJjLqN8PfrM6mBBjckM3YNGB6TY7GestPevfOAciPP_ww=w544-h544-l90-rj,https://open.spotify.com/search/Linkin%20Park%20A%20Thousand%20Suns,https://music.youtube.com/playlist?list=OLAK5uy_krvx3FeVGumNUfYCsbaL0ikF--a7KJ55U,disco
From Zero,Linkin Park,2024,https://yt3.googleusercontent.com/R-yqivSHsR8ZWpKMy2vplo6LEK-c0XVA7SzRRHR0eUYa-Gazo1VnbVnmN1ifymUOuCmW5yxjFlNv-rBv=w544-h544-l90-rj,https://open.spotify.com/search/Linkin%20Park%20From%20Zero,https://music.youtube.com/playlist?list=OLAK5uy_miCUHAHUPqc21dc-Vs7KTxbbqqzFCl68c,disco
Hybrid Theory,Linkin Park,2000,https://yt3.googleusercontent.com/lkNJVMp3siDfSw_zVYj3tE6fQS7G6Gj2gzoxrIwS7K4TwqmL_uSBb9-PKACNLIP_7XLQib4tC5XwWbpD=w544-h544-l90-rj,https://open.spotify.com/search/Linkin%20Park%20Hybrid%20Theory,https://music.youtube.com/playlist?list=OLAK5uy_ncbxWnjKunOOgJ7N1XELrneNgiaMMPXxA,disco
Live in Texas,Linkin Park,2003,https://yt3.googleusercontent.com/WfwFop4Yw8BrmgpxBxIf0t84QmYIRnhUOO_U1QBAABsTCgpLlTK5VgnepngGQNAO6DzArw-boq1pPFHQxQ=w544-h544-l90-rj,https://open.spotify.com/search/Linkin%20Park%20Live%20in%20Texas,https://music.youtube.com/playlist?list=OLAK5uy_m0pvsZbcoyFZ4vqU7Q-umldSOtzyTfads,disco
LIVING THINGS,Linkin Park,2012,https://yt3.googleusercontent.com/ldVVO7vktLrUuW13A3oCdDlgrxfTQxmIyyMwAxef5W07pkRxdbgu3GLV8BaIZkW_RDR7qxd9utQy7Wqj=w544-h544-l90-rj,https://open.spotify.com/search/Linkin%20Park%20LIVING%20THINGS,https://music.youtube.com/playlist?list=OLAK5uy_lfNmExJs6xV-8ApZL4zicCfFVzfv-w8cI,disco
Meteora,Linkin Park,2003,https://yt3.googleusercontent.com/dNfpEZtqYYsrHaHpSE9ik5vGgUSVLKE5DycRz8VMLdIQV_GYz7GpGUkMnU9I0926zLRQEAIUwdsjYCuG=w544-h544-l90-rj,https://open.spotify.com/search/Linkin%20Park%20Meteora,https://music.youtube.com/playlist?list=OLAK5uy_nE-SkwNA6lYF99wd-MHzJVqThnUIJGe3I,disco
Minutes to Midnight,Linkin Park,2007,https://yt3.googleusercontent.com/BtAKhqmTBoZWEQPlcF9tgpqILWNkQ4vc0tk0nlSrIpdvhW9sf9K-tQDoym1zh9Svl-8PnpFCY_6vNYg7=w544-h544-l90-rj,https://open.spotify.com/search/Linkin%20Park%20Minutes%20to%20Midnight,https://music.youtube.com/playlist?list=OLAK5uy_nIS-c5OD2p7LJU3n8S_tcu6q2QzBe-vzM,disco
Reanimation,Linkin Park,2004,https://yt3.googleusercontent.com/717Q8O0m2zR2rWVNeNxiW7iWbOulNxc12-vYpCJ9qC_3BCJ9pD5OOn0RDi_VjlsX5itds3zUCQWx3GQ=w544-h544-s-l90-rj,https://open.spotify.com/search/Linkin%20Park%20Reanimation,https://music.youtube.com/playlist?list=OLAK5uy_mP-H4I3LyNaialVd14zCvsku58yEiXxKM,disco
The Hunting Party,Linkin Park,2014,https://yt3.googleusercontent.com/yocfhS46IAanogpQV-Muvi6MlD7mXIEwAP9-PcD-r9pP3MoZY1NYVp37Okc2EmuSXgQniitNQVr3g9hF=w544-h544-l90-rj,https://open.spotify.com/search/Linkin%20Park%20The%20Hunting%20Party,https://music.youtube.com/playlist?list=OLAK5uy_kDBTPFjTRerD0gAG3g4Xs3UxGQSzZBoZQ,disco
O Rítmo do Momento,Lulu Santos,1996,https://is1-ssl.mzstatic.com/image/thumb/Music/4a/38/f9/mzi.nmmivjdi.jpg/600x600bb.jpg,https://open.spotify.com/search/Lulu%20Santos%20O%20R%C3%ADtmo%20do%20Momento,https://music.youtube.com/search?q=Lulu%20Santos%20O%20R%C3%ADtmo%20do%20Momento,disco
Confessions On a Dance Floor,Madonna,2005,https://is1-ssl.mzstatic.com/image/thumb/Music124/v4/24/5a/e8/245ae865-c767-310b-c8ee-6b3a05e43fd4/dj.hgvybcjz.jpg/600x600bb.jpg,https://open.spotify.com/search/Madonna%20Confessions%20On%20a%20Dance%20Floor,https://music.youtube.com/search?q=Madonna%20Confessions%20On%20a%20Dance%20Floor,disco
Maria Rita,Maria Rita,2003,https://is1-ssl.mzstatic.com/image/thumb/Music124/v4/18/d7/b9/18d7b972-fd34-c59e-c2cf-00a452eda63c/s06.jbinevhn.jpg/600x600bb.jpg,https://open.spotify.com/search/Maria%20Rita%20Maria%20Rita,https://music.youtube.com/search?q=Maria%20Rita%20Maria%20Rita,disco
"Memórias, Crônicas & Declarações De Amor",Marisa Monte,2000,https://is1-ssl.mzstatic.com/image/thumb/Music124/v4/71/f2/f5/71f2f501-0941-b439-1e55-d956a7cc6e43/195081556666.jpg/600x600bb.jpg,https://open.spotify.com/search/Marisa%20Monte%20Mem%C3%B3rias%2C%20Cr%C3%B4nicas%20%26%20Declara%C3%A7%C3%B5es%20De%20Amor,https://music.youtube.com/search?q=Marisa%20Monte%20Mem%C3%B3rias%2C%20Cr%C3%B4nicas%20%26%20Declara%C3%A7%C3%B5es%20De%20Amor,disco
Gates Of Metal Fried Chicken Of Death,Massacration,2005,https://is1-ssl.mzstatic.com/image/thumb/Music124/v4/e1/3b/00/e13b008f-c0de-e3db-2717-08fbbd5a82dc/7898324301933.jpg/600x600bb.jpg,https://open.spotify.com/search/Massacration%20Gates%20Of%20Metal%20Fried%20Chicken%20Of%20Death,https://music.youtube.com/search?q=Massacration%20Gates%20Of%20Metal%20Fried%20Chicken%20Of%20Death,disco
Geraes,Milton Nascimento,1976,https://yt3.googleusercontent.com/wBnli8LbnVQiOzg3iK9fbMNRL0WplM2I-3S3dW9cSpkqgxOUcpfNxn5_qq_FsXiowT7QJqPrMd-2Jok=w544-h544-l90-rj,https://open.spotify.com/search/Milton%20Nascimento%20Geraes,https://music.youtube.com/playlist?list=OLAK5uy_n2abG7i6X6klBp9ExMW7OiZdvjUrX3F4A,disco
12 de Janeiro,Nando Reis,1995,https://is1-ssl.mzstatic.com/image/thumb/Music/fc/1d/78/mzi.jcaelfqv.jpg/600x600bb.jpg,https://open.spotify.com/search/Nando%20Reis%2012%20de%20Janeiro,https://music.youtube.com/search?q=Nando%20Reis%2012%20de%20Janeiro,disco
A Letra A,Nando Reis,2003,https://is1-ssl.mzstatic.com/image/thumb/Music115/v4/b4/72/54/b4725400-02a1-8779-8fba-77c0c01a479b/06UMGIM62150.rgb.jpg/600x600bb.jpg,https://open.spotify.com/search/Nando%20Reis%20A%20Letra%20A,https://music.youtube.com/search?q=Nando%20Reis%20A%20Letra%20A,disco
Luau MTV: Nando Reis & Os Infernais,Nando Reis & Os Infernais,2007,https://yt3.googleusercontent.com/NPKC8J8cc7ZXIaT6Uj96gjD3gXp603OZpRLvH7R9THP6VNkY-BVo5j07pGOvzbn9LJx_6GSqOcz28O70=w544-h544-l90-rj,https://open.spotify.com/search/Nando%20Reis%20%26%20Os%20Infernais%20Luau%20MTV%3A%20Nando%20Reis%20%26%20Os%20Infernais,https://music.youtube.com/playlist?list=OLAK5uy_mJDPYEyccTl0y8Jjt4W4ocEqnWbiZ6h-8,disco
A Céu Aberto (Ao Vivo),Nenhum De Nós,2014,https://yt3.googleusercontent.com/6jVI0ZlpNKUgR79Bha8duBpKoNQPOTwmmeHajcO1Mwp8K-7z66dUAmj9uiLdgcy_nEkcOcx8ZsrL_w04=w544-h544-l90-rj,https://open.spotify.com/search/Nenhum%20De%20N%C3%B3s%20Ao%20Vivo%20No%20Theatro%20S%C3%A3o%20Pedro,https://music.youtube.com/playlist?list=OLAK5uy_k5MX12wch2DxdCnD1v3uWPNI-50U4Hokk,disco
Brotherhood,New Order,1986,https://yt3.googleusercontent.com/pmYmI0GET5TUtfhLgtvuLycFAGcxOQIRamRicIXkCqQ2H_KbW0hCUtXrAq2oMpFo2Jx08JmDIPs1jYCv=w544-h544-l90-rj,https://open.spotify.com/search/New%20Order%20Brotherhood,https://music.youtube.com/playlist?list=OLAK5uy_mwFHQQdydDKHKQZhESUSD8snxBEve-ghU,disco
Get Ready,New Order,2001,https://yt3.googleusercontent.com/dYQip7qHkl4pXXLsd_3atVdIztwDMvMRfuxptCxEpKOj-Kut60lhgQ2298MlMgfvgYzqkL4wBUwv9O0F=w544-h544-l90-rj,https://open.spotify.com/search/New%20Order%20Get%20Ready,https://music.youtube.com/playlist?list=OLAK5uy_l3J5Mu4MnSqlChQxq_vMs0hy7j8yI5eqo,disco
Lost Sirens,New Order,2013,https://yt3.googleusercontent.com/rAXojh-dOb9AfRJeP_vZ-3h918VQITd8PjFkyNSMF7NcOvg2Kin4aowuSH8kZ_Zim51-U0iQ5pdj3Jg=w544-h544-l90-rj,https://open.spotify.com/search/New%20Order%20Lost%20Sirens,https://music.youtube.com/playlist?list=OLAK5uy_m9CTp_cN2-DIHqQZcRHVKXZrxkSbUjh08,disco
Low-Life,New Order,1985,https://yt3.googleusercontent.com/cyV_v4GKrqmQsv7tBu4CoVbUW7kvTRHoDdHtOqz79H_-22kXEu8bRdarHF1ZZDa96tB1JXHR0b2KQ3cR=w544-h544-l90-rj,https://open.spotify.com/search/New%20Order%20Low-Life,https://music.youtube.com/playlist?list=OLAK5uy_lGHD6v1kcrPc3E4apihILajsIV6IDEgh8,disco
Movement,New Order,1981,https://yt3.googleusercontent.com/NgCGUAyMamB_kOWWv0tuB38HxhpdDvxVbeCx9m2nbmfKxAdxXtYbURKL_kjxbGahNdQTvjP5tyRkLxFZTQ=w544-h544-l90-rj,https://open.spotify.com/search/New%20Order%20Movement,https://music.youtube.com/playlist?list=OLAK5uy_mxQ6Hm4VT7PHnVZ1d_NR_YoIDDXi8cA50,disco
Power Corruption and Lies,New Order,1983,https://yt3.googleusercontent.com/FkCJJXKU6OqSUzCrSeH4YAKnauill7c0c1dmKhvad858RVrb82XILMr-SzSDceOdK592dxD3Qby1Om8=w544-h544-l90-rj,https://open.spotify.com/search/New%20Order%20Power%20Corruption%20and%20Lies,https://music.youtube.com/playlist?list=OLAK5uy_ntJ7hJbV4dxYHVuK1Vh5RO7AcwN33cWEU,disco
Republic,New Order,1993,https://yt3.googleusercontent.com/PV8mOFIxN2_yxPbpcYlGeokUVNV3g55NXstep_iU85iMVR7Fo9eiXIIYlAUBQklU4QqV3eWL6Mr_Vcak=w544-h544-s-l90-rj,https://open.spotify.com/search/New%20Order%20Republic,https://music.youtube.com/playlist?list=OLAK5uy_ligyviRql7G3_U_OKHOMudcebiUwX_z94,disco
Technique,New Order,1989,https://yt3.googleusercontent.com/Mg5zi0ZGlcjRGZ9FPtSyiO-mYAKkQzHgf3vVF6j3z-zMTYUGyJMo_75KRhvHWM1jJxJenzWs1nCPwtgp=w544-h544-l90-rj,https://open.spotify.com/search/New%20Order%20Technique,https://music.youtube.com/playlist?list=OLAK5uy_m_44Xey_4wuxMFL4OYboMuj18gy8A-9bA,disco
Waiting for the Sirens' Call,New Order,2005,https://yt3.googleusercontent.com/zJFG9GFrpOyG3mf6VgnkNVombyhVBRgtZW4M1e7w0jlGXuawZ8HddvkyBpmmfQTi3gyJLJ6oNeCVGB0=w544-h544-s-l90-rj,https://open.spotify.com/search/New%20Order%20Waiting%20for%20the%20Sirens'%20Call,https://music.youtube.com/playlist?list=OLAK5uy_nPmYKuqxh2p_2P8hZzvXR47WyT0ZGS3UA,disco
All the Right Reasons,Nickelback,2005,https://is1-ssl.mzstatic.com/image/thumb/Music114/v4/f8/e0/db/f8e0db52-f6e5-5d85-6e0a-ae73e5caab11/mzi.qohxegpg.jpg/600x600bb.jpg,https://open.spotify.com/search/Nickelback%20All%20the%20Right%20Reasons,https://music.youtube.com/search?q=Nickelback%20All%20the%20Right%20Reasons,disco
The Long Road,Nickelback,2003,https://is1-ssl.mzstatic.com/image/thumb/Music124/v4/ad/30/ed/ad30ed43-adb2-4e55-c685-4647630c08f9/mzi.epyljfva.jpg/600x600bb.jpg,https://open.spotify.com/search/Nickelback%20The%20Long%20Road,https://music.youtube.com/search?q=Nickelback%20The%20Long%20Road,disco
Acustico MTV: O Rappa,O Rappa,2005,https://is1-ssl.mzstatic.com/image/thumb/Music/84/51/9b/mzi.iwhuupde.jpg/600x600bb.jpg,https://open.spotify.com/search/O%20Rappa%20Acustico%20MTV%3A%20O%20Rappa,https://music.youtube.com/search?q=O%20Rappa%20Acustico%20MTV%3A%20O%20Rappa,disco
Lado B Lado A,O Rappa,1999,https://is1-ssl.mzstatic.com/image/thumb/Music/d6/1b/b4/mzi.bsprrwtu.jpg/600x600bb.jpg,https://open.spotify.com/search/O%20Rappa%20Lado%20B%20Lado%20A,https://music.youtube.com/search?q=O%20Rappa%20Lado%20B%20Lado%20A,disco
Rappa-Mundi,O Rappa,1996,https://is1-ssl.mzstatic.com/image/thumb/Music128/v4/c5/b5/41/c5b54182-c3c3-6ea1-b05a-a4f9f445a654/706301283264.jpg/600x600bb.jpg,https://open.spotify.com/search/O%20Rappa%20Rappa-Mundi,https://music.youtube.com/search?q=O%20Rappa%20Rappa-Mundi,disco
Acústico (Live),Os Paralamas do Sucesso,1999,https://is1-ssl.mzstatic.com/image/thumb/Music128/v4/a9/63/e3/a963e342-490b-d1a8-b885-d235c042aa99/00602567112143.rgb.jpg/600x600bb.jpg,https://open.spotify.com/search/Os%20Paralamas%20do%20Sucesso%20Ac%C3%BAstico%20(Live),https://music.youtube.com/search?q=Os%20Paralamas%20do%20Sucesso%20Ac%C3%BAstico%20(Live),disco
Ten,Pearl Jam,1991,https://yt3.googleusercontent.com/OFbHAl0CZa2BKjLckDDlmAGYJNavMkOmGF8yiF5Yq-WE0vTcr8yugqkpvmxg5PVtjc_mpFwzAZoAp1E=w544-h544-l90-rj,https://open.spotify.com/search/Pearl%20Jam%20Ten,https://music.youtube.com/playlist?list=OLAK5uy_nCmmq03HsHVw9jrLUPm1SfKXIwuCQ1hXk,disco
By the Way,Red Hot Chili Peppers,2002,https://yt3.googleusercontent.com/HYR8U4pclrcsSs6wals06_TmmOjIII7nmBgSAMO6-qkWptWWs3762EaGU1VanfqI4SAA_I7TS264LQqa=w544-h544-l90-rj,https://open.spotify.com/search/Red%20Hot%20Chili%20Peppers%20By%20the%20Way,https://music.youtube.com/playlist?list=OLAK5uy_mMa5i7OJDtHbIxX8Vl87xVzphCfy24Bhw,disco
Californication,Red Hot Chili Peppers,1999,https://yt3.googleusercontent.com/vEzFuxLILzCtIKEdZWOwSoIfXN3462-JcZ7AYXgV7i9n06NzazzUQOloJ7ghh2Weswt7OcJQH79BI9kePA=w512-h512-l90-rj,https://open.spotify.com/search/Red%20Hot%20Chili%20Peppers%20Californication,https://music.youtube.com/playlist?list=OLAK5uy_k0m6GFd6LBWiGm06Xc7kNhzPqnxt0ObJM,disco
MTV ao Vivo,Skank,2001,https://yt3.googleusercontent.com/aoqgxNHhUABDDgDjtOkZS5OvEw4rUKgA68icoot7hXBvdNg-AYv_b59J-W_HkHL6O2jGbI8WeMJBwFNP=w544-h544-l90-rj,https://open.spotify.com/search/Skank%20MTV%20ao%20Vivo,https://music.youtube.com/playlist?list=OLAK5uy_l6X7smE2yt90O1BuNaPcmeXnnd47av09s,disco
200 KM/H In the Wrong Lane,t.A.T.u.,2002,https://is1-ssl.mzstatic.com/image/thumb/Music122/v4/cb/7d/73/cb7d73a3-b77f-aec4-b1ee-dd759c35374c/06UMGIM34819.rgb.jpg/600x600bb.jpg,https://open.spotify.com/search/t.A.T.u.%20200%20KM%2FH%20In%20the%20Wrong%20Lane,https://music.youtube.com/search?q=t.A.T.u.%20200%20KM%2FH%20In%20the%20Wrong%20Lane,disco
Camino Palmero,The Calling,2000,https://is1-ssl.mzstatic.com/image/thumb/Music124/v4/e5/47/b0/e547b0ee-b253-8448-9c34-615cd81de662/mzi.dhcovkbe.jpg/600x600bb.jpg,https://open.spotify.com/search/The%20Calling%20Camino%20Palmero,https://music.youtube.com/search?q=The%20Calling%20Camino%20Palmero,disco
Costello Music,The Fratellis,2006,https://yt3.googleusercontent.com/pgcJHHQhrGDEx-tJiaqyrPwW0xiaw990JYT2cu4mBCtJZKcfmkoAH0srpJR9Qi0HYAQhapJsOMhdP0BSeA=w544-h544-l90-rj,https://open.spotify.com/search/The%20Fratellis%20Costello%20Music,https://music.youtube.com/playlist?list=OLAK5uy_kXo7pwtGx0RH5jjXoUBHt-OAtTuK6ubQQ,disco
We Need Medicine,The Fratellis,2013,https://yt3.googleusercontent.com/6Kt6k-vRSGYQSyDfwSng9xRUacYaevSfAcHn4aYsludQvT3qvh74zCjd_nKbn3nq0FkpBC9C6gfZDFpA=w544-h544-l90-rj,https://open.spotify.com/search/The%20Fratellis%20Flathead,https://music.youtube.com/playlist?list=OLAK5uy_niLMCky5W3pt8GRHeWqYZfqj85igBnG1c,disco
Here We Stand,The Fratellis,2008,https://yt3.googleusercontent.com/VvmbjB04EcAeWkIpxvb8Qb04ZNHJ83zLou047YoZLck1imMHgPxrhPxI1J70jeQGtctAqPG_a2UOh3E=w544-h544-l90-rj,https://open.spotify.com/search/The%20Fratellis%20Here%20We%20Stand,https://music.youtube.com/playlist?list=OLAK5uy_lUeNaSEWAZeCWWS9gxaUPTI1Ydjnf5up4,disco
The World Won't Listen,The Smiths,1987,https://is1-ssl.mzstatic.com/image/thumb/Music125/v4/6e/4b/36/6e4b36f4-e6fe-da2f-36f4-c02bca619067/745099189860.jpg/600x600bb.jpg,https://open.spotify.com/search/The%20Smiths%20The%20World%20Won't%20Listen,https://music.youtube.com/search?q=The%20Smiths%20The%20World%20Won't%20Listen,disco
"Racional, Vol. 1",Tim Maia,1975,https://is1-ssl.mzstatic.com/image/thumb/Music115/v4/87/54/0b/87540b30-b102-4f62-e1fa-312bb574e106/8429006371495.jpg/600x600bb.jpg,https://open.spotify.com/search/Tim%20Maia%20Racional%2C%20Vol.%201,https://music.youtube.com/search?q=Tim%20Maia%20Racional%2C%20Vol.%201,disco
Tim Maia 1970,Tim Maia,1970,https://is1-ssl.mzstatic.com/image/thumb/Music114/v4/9f/5b/3b/9f5b3b8b-f72c-808a-15e6-0922c915417d/18UMGIM45045.rgb.jpg/600x600bb.jpg,https://open.spotify.com/search/Tim%20Maia%20Tim%20Maia%201970,https://music.youtube.com/search?q=Tim%20Maia%20Tim%20Maia%201970,disco
Trem da Alegria,Trem Da Alegria,1986,https://is1-ssl.mzstatic.com/image/thumb/Music118/v4/70/69/bc/7069bc2a-b371-e21e-6924-16fa3c6a8d50/886446928203.jpg/600x600bb.jpg,https://open.spotify.com/search/Trem%20Da%20Alegria%20Trem%20da%20Alegria,https://music.youtube.com/search?q=Trem%20Da%20Alegria%20Trem%20da%20Alegria,disco
